k,lamda,gamma,tau,train\_rmse,val\_rmse,overfitting
10,0.1,0.05,1.0,0.7084178412073915,0.7823701739156068,0.07395233270821533
10,0.1,0.1,1.0,0.709652126829305,0.7830855084552084,0.0734333816259034
10,0.1,0.01,1.0,0.7083549518390752,0.7833541673938145,0.07499921555473932
20,0.1,0.05,1.0,0.6570478336511073,0.7839022878608083,0.12685445420970098
20,0.1,0.01,1.0,0.6565553636407129,0.7843534888243042,0.12779812518359135
